serial_number,station_number,tag_created_at,tag_name,tag_value
50362,A8,2023-11-27 15:14:48,AOI02,100
50362,A8,2023-11-27 15:14:38,AOI02,99
50362,A8,2023-11-27 15:14:28,AOI02,98
50362,A8,2023-11-27 15:14:28,AOI02,72
50362,A8,2023-11-27 15:14:18,AOI02,61.224494
50362,A8,2023-11-27 15:14:18,AOI02,50
50362,A8,2023-11-27 15:14:08,AOI02,100
50362,A8,2023-11-27 15:14:08,AOI02,20
50362,A8,2023-11-27 15:14:48,TI001,22.78000069
50362,A8,2023-11-27 15:14:28,TI001,23.78000069
50362,A8,2023-11-27 15:14:28,TI001,25.78000069
50362,A8,2023-11-27 15:14:18,TI001,29.78000069
50362,A8,2023-11-27 15:14:08,TI001,24.78000069
50362,A8,2023-11-27 15:14:48,E013,22.27000046
50362,A8,2023-11-27 15:14:38,E013,22.27000046
50362,A8,2023-11-27 15:14:28,E013,22.27000046
50362,A8,2023-11-27 15:14:28,E013,22.27000046
50362,A8,2023-11-27 15:14:18,E013,22.27000046
50362,A8,2023-11-27 15:14:18,E013,22.27000046
50362,A8,2023-11-27 15:14:08,E013,22.27000046
50362,A8,2023-11-27 15:14:08,E013,22.27000046
50362,A8,2023-11-27 15:13:58,E013,22.27000046
50362,A8,2023-11-27 15:13:58,E013,22.27000046
50362,A8,2023-11-27 15:13:48,E013,22.27000046
50362,A8,2023-11-27 15:13:48,E013,22.27000046
50362,A8,2023-11-27 15:13:38,E013,22.27000046
50362,A8,2023-11-27 15:13:38,E013,22.27000046
50362,A8,2023-11-27 15:13:28,E013,22.27000046
50362,A8,2023-11-27 15:13:18,E013,22.27000046
50362,A7,2023-11-27 15:13:48,TMP12,79
50362,A7,2023-11-27 15:13:38,TMP12,79.19999695
50362,A7,2023-11-27 15:13:28,TMP12,79.40000153
50362,A7,2023-11-27 15:13:28,TMP12,79.40000153
50362,A7,2023-11-27 15:13:18,TMP12,80.09999847
50362,A7,2023-11-27 15:13:18,TMP12,80.09999847
50362,A7,2023-11-27 15:13:08,TMP12,80
50362,A7,2023-11-27 15:13:08,TMP12,80
50362,A7,2023-11-27 15:12:58,TMP12,80
50362,A7,2023-11-27 15:12:58,TMP12,80
50362,A7,2023-11-27 15:12:48,TMP12,80
50362,A7,2023-11-27 15:12:48,TMP12,80
50362,A7,2023-11-27 15:12:38,TMP12,79.90000153
50362,A7,2023-11-27 15:12:38,TMP12,79.90000153
50362,A7,2023-11-27 15:12:28,TMP12,79.80000305
50362,A7,2023-11-27 15:12:28,TMP12,79.80000305
50362,A7,2023-11-27 15:12:18,TMP12,80.19999695
50362,A7,2023-11-27 15:12:18,TMP12,80.19999695
50362,A7,2023-11-27 15:12:08,TMP12,80.40000153
50362,A7,2023-11-27 15:12:08,TMP12,80.40000153
50362,A7,2023-11-27 15:11:58,TMP12,79.80000305
50362,A7,2023-11-27 15:11:58,TMP12,79.80000305
50362,A7,2023-11-27 15:11:48,TMP12,79.30000305
50362,A7,2023-11-27 15:11:48,TMP12,79.30000305
50362,A7,2023-11-27 15:11:38,TMP12,79.30000305
50362,A7,2023-11-27 15:11:38,TMP12,79.30000305
50362,A7,2023-11-27 15:11:28,TMP12,79.59999847
50362,A7,2023-11-27 15:11:28,TMP12,79.59999847
50362,A7,2023-11-27 15:11:17,TMP12,79.5
50362,A7,2023-11-27 15:11:17,TMP12,79.5
50362,A7,2023-11-27 15:11:07,TMP12,79.80000305
50362,A7,2023-11-27 15:11:07,TMP12,79.80000305
50362,A7,2023-11-27 15:10:57,TMP12,80
50362,A7,2023-11-27 15:10:57,TMP12,80
50362,A7,2023-11-27 15:10:47,TMP12,80.40000153
50362,A7,2023-11-27 15:10:47,TMP12,80.40000153
50362,A7,2023-11-27 15:10:37,TMP12,80.59999847
50362,A7,2023-11-27 15:10:37,TMP12,80.59999847
50362,A7,2023-11-27 15:10:27,TMP12,80.80000305
50362,A7,2023-11-27 15:10:27,TMP12,80.80000305
50362,A7,2023-11-27 15:10:17,TMP12,81.69999695
50362,A7,2023-11-27 15:10:17,TMP12,81.69999695
50362,A7,2023-11-27 15:10:07,TMP12,80.80000305
50362,A7,2023-11-27 15:10:07,TMP12,80.80000305
50362,A7,2023-11-27 15:09:57,TMP12,80.59999847
50362,A7,2023-11-27 15:09:57,TMP12,80.59999847
50362,A7,2023-11-27 15:09:47,TMP12,81.30000305
50362,A7,2023-11-27 15:09:47,TMP12,81.30000305
50362,A7,2023-11-27 15:09:37,TMP12,81.80000305
50362,A7,2023-11-27 15:09:37,TMP12,81.80000305
50362,A7,2023-11-27 15:09:27,TMP12,81.59999847
50362,A7,2023-11-27 15:09:27,TMP12,81.59999847
50362,A7,2023-11-27 15:09:17,TMP12,81.19999695
50362,A7,2023-11-27 15:09:17,TMP12,81.19999695
50362,A7,2023-11-27 15:09:07,TMP12,82
50362,A7,2023-11-27 15:09:07,TMP12,82
50362,A7,2023-11-27 15:08:57,TMP12,82.40000153
50362,A7,2023-11-27 15:08:57,TMP12,82.40000153
50362,A7,2023-11-27 15:08:47,TMP12,82
50362,A7,2023-11-27 15:08:47,TMP12,82
50362,A7,2023-11-27 15:08:37,TMP12,81.90000153
50362,A7,2023-11-27 15:08:37,TMP12,81.90000153
50362,A7,2023-11-27 15:08:27,TMP12,81.69999695
50362,A7,2023-11-27 15:08:27,TMP12,81.69999695
50362,A7,2023-11-27 15:08:17,TMP12,81.30000305
50362,A7,2023-11-27 15:08:17,TMP12,81.30000305
50362,A7,2023-11-27 15:08:07,TMP12,82.09999847
50362,A7,2023-11-27 15:08:07,TMP12,82.09999847
50362,A7,2023-11-27 15:07:57,TMP12,81.80000305
50362,A7,2023-11-27 15:07:57,TMP12,81.80000305
50362,A7,2023-11-27 15:07:47,TMP12,81.5
50362,A7,2023-11-27 15:07:47,TMP12,81.5
50362,A7,2023-11-27 15:07:37,TMP12,81.69999695
50362,A7,2023-11-27 15:07:37,TMP12,81.69999695
50362,A7,2023-11-27 15:07:27,TMP12,82.40000153
50362,A7,2023-11-27 15:07:27,TMP12,82.40000153
50362,A7,2023-11-27 15:07:16,TMP12,82.19999695
50362,A7,2023-11-27 15:07:16,TMP12,82.19999695
50362,A7,2023-11-27 15:07:06,TMP12,81.59999847
50362,A7,2023-11-27 15:07:06,TMP12,81.59999847
50362,A7,2023-11-27 15:06:56,TMP12,81.5
50362,A7,2023-11-27 15:06:56,TMP12,81.5
50362,A7,2023-11-27 15:06:46,TMP12,81
50362,A7,2023-11-27 15:06:46,TMP12,81
50362,A7,2023-11-27 15:06:36,TMP12,80.59999847
50362,A7,2023-11-27 15:06:36,TMP12,80.59999847
50362,A7,2023-11-27 15:06:26,TMP12,81
50362,A7,2023-11-27 15:06:26,TMP12,81
50362,A7,2023-11-27 15:06:16,TMP12,80.59999847
50362,A7,2023-11-27 15:06:16,TMP12,80.59999847
50362,A7,2023-11-27 15:06:06,TMP12,80.69999695
50362,A7,2023-11-27 15:06:06,TMP12,80.69999695
50362,A7,2023-11-27 15:05:56,TMP12,81
50362,A7,2023-11-27 15:05:56,TMP12,81
50362,A7,2023-11-27 15:05:46,TMP12,81.09999847
50362,A7,2023-11-27 15:05:46,TMP12,81.09999847
50362,A7,2023-11-27 15:05:36,TMP12,80.09999847
50362,A7,2023-11-27 15:05:36,TMP12,80.09999847
50362,A7,2023-11-27 15:05:26,TMP12,80.40000153
50362,A7,2023-11-27 15:05:26,TMP12,80.40000153
50362,A7,2023-11-27 15:05:16,TMP12,81.30000305
50362,A7,2023-11-27 15:05:16,TMP12,81.30000305
50362,A7,2023-11-27 15:05:06,TMP12,81.69999695
50362,A7,2023-11-27 15:05:06,TMP12,81.69999695
50362,A7,2023-11-27 15:04:56,TMP12,81.30000305
50362,A7,2023-11-27 15:04:56,TMP12,81.30000305
50362,A7,2023-11-27 15:04:46,TMP12,80.5
50362,A7,2023-11-27 15:04:46,TMP12,80.5
50362,A7,2023-11-27 15:04:36,TMP12,80.80000305
50362,A7,2023-11-27 15:04:36,TMP12,80.80000305
50362,A7,2023-11-27 15:04:26,TMP12,80.90000153
50362,A7,2023-11-27 15:04:26,TMP12,80.90000153
50362,A7,2023-11-27 15:04:16,TMP12,80.09999847
50362,A7,2023-11-27 15:04:16,TMP12,80.09999847
50362,A7,2023-11-27 15:04:06,TMP12,79.5
50362,A7,2023-11-27 15:04:06,TMP12,79.5
50362,A7,2023-11-27 15:03:56,TMP12,79.59999847
50362,A7,2023-11-27 15:03:56,TMP12,79.59999847
50362,A7,2023-11-27 15:03:46,TMP12,80.59999847
50362,A7,2023-11-27 15:03:46,TMP12,80.59999847
50362,A7,2023-11-27 15:03:36,TMP12,80.80000305
50362,A7,2023-11-27 15:03:36,TMP12,80.80000305
50362,A7,2023-11-27 15:03:26,TMP12,80.19999695
50362,A7,2023-11-27 15:03:26,TMP12,80.19999695
50362,A7,2023-11-27 15:03:15,TMP12,80.5
50362,A7,2023-11-27 15:03:15,TMP12,80.5
50362,A7,2023-11-27 15:03:05,TMP12,80.40000153
50362,A7,2023-11-27 15:03:05,TMP12,80.40000153
50362,A7,2023-11-27 15:02:55,TMP12,80.80000305
50362,A7,2023-11-27 15:02:55,TMP12,80.80000305
50362,A7,2023-11-27 15:02:45,TMP12,82
50362,A7,2023-11-27 15:02:45,TMP12,82
50362,A7,2023-11-27 15:02:35,TMP12,81.59999847
50362,A7,2023-11-27 15:02:35,TMP12,81.59999847
50362,A7,2023-11-27 15:02:25,TMP12,81.40000153
50362,A7,2023-11-27 15:02:25,TMP12,81.40000153
50362,A7,2023-11-27 15:02:15,TMP12,81.69999695
50362,A7,2023-11-27 15:02:15,TMP12,81.69999695
50362,A7,2023-11-27 15:02:05,TMP12,81.30000305
50362,A7,2023-11-27 15:02:05,TMP12,81.30000305
50362,A7,2023-11-27 15:01:55,TMP12,81.19999695
50362,A7,2023-11-27 15:01:55,TMP12,81.19999695
50362,A7,2023-11-27 15:01:45,TMP12,81.30000305
50362,A7,2023-11-27 15:01:45,TMP12,81.30000305
50362,A7,2023-11-27 15:01:35,TMP12,81.90000153
50362,A7,2023-11-27 15:01:25,TMP12,81.59999847
50362,A7,2023-11-27 15:13:48,TMP11,66.09999847
50362,A7,2023-11-27 15:13:38,TMP11,65.30000305
50362,A7,2023-11-27 15:13:28,TMP11,64.19999695
50362,A7,2023-11-27 15:13:28,TMP11,64.19999695
50362,A7,2023-11-27 15:13:18,TMP11,63.40000153
50362,A7,2023-11-27 15:13:18,TMP11,63.40000153
50362,A7,2023-11-27 15:13:08,TMP11,63.40000153
50362,A7,2023-11-27 15:13:08,TMP11,63.40000153
50362,A7,2023-11-27 15:12:58,TMP11,63.79999924
50362,A7,2023-11-27 15:12:58,TMP11,63.79999924
50362,A7,2023-11-27 15:12:48,TMP11,63.70000076
50362,A7,2023-11-27 15:12:48,TMP11,63.70000076
50362,A7,2023-11-27 15:12:38,TMP11,63.90000153
50362,A7,2023-11-27 15:12:38,TMP11,63.90000153
50362,A7,2023-11-27 15:12:28,TMP11,64.19999695
50362,A7,2023-11-27 15:12:28,TMP11,64.19999695
50362,A7,2023-11-27 15:12:18,TMP11,64.90000153
50362,A7,2023-11-27 15:12:18,TMP11,64.90000153
50362,A7,2023-11-27 15:12:08,TMP11,65.19999695
50362,A7,2023-11-27 15:12:08,TMP11,65.19999695
50362,A7,2023-11-27 15:11:58,TMP11,67.19999695
50362,A7,2023-11-27 15:11:58,TMP11,67.19999695
50362,A7,2023-11-27 15:11:48,TMP11,67.30000305
50362,A7,2023-11-27 15:11:48,TMP11,67.30000305
50362,A7,2023-11-27 15:11:38,TMP11,65.90000153
50362,A7,2023-11-27 15:11:38,TMP11,65.90000153
50362,A7,2023-11-27 15:11:28,TMP11,63.90000153
50362,A7,2023-11-27 15:11:28,TMP11,63.90000153
50362,A7,2023-11-27 15:11:17,TMP11,63.70000076
50362,A7,2023-11-27 15:11:17,TMP11,63.70000076
50362,A7,2023-11-27 15:11:07,TMP11,63.79999924
50362,A7,2023-11-27 15:11:07,TMP11,63.79999924
50362,A7,2023-11-27 15:10:57,TMP11,64.09999847
50362,A7,2023-11-27 15:10:57,TMP11,64.09999847
50362,A7,2023-11-27 15:10:47,TMP11,64.5
50362,A7,2023-11-27 15:10:47,TMP11,64.5
50362,A7,2023-11-27 15:10:37,TMP11,65.19999695
50362,A7,2023-11-27 15:10:37,TMP11,65.19999695
50362,A7,2023-11-27 15:10:27,TMP11,65.30000305
50362,A7,2023-11-27 15:10:27,TMP11,65.30000305
50362,A7,2023-11-27 15:10:17,TMP11,66.19999695
50362,A7,2023-11-27 15:10:17,TMP11,66.19999695
50362,A7,2023-11-27 15:10:07,TMP11,68.30000305
50362,A7,2023-11-27 15:10:07,TMP11,68.30000305
50362,A7,2023-11-27 15:09:57,TMP11,69
50362,A7,2023-11-27 15:09:57,TMP11,69
50362,A7,2023-11-27 15:09:47,TMP11,69.40000153
50362,A7,2023-11-27 15:09:47,TMP11,69.40000153
50362,A7,2023-11-27 15:09:37,TMP11,68.59999847
50362,A7,2023-11-27 15:09:37,TMP11,68.59999847
50362,A7,2023-11-27 15:09:27,TMP11,69
50362,A7,2023-11-27 15:09:27,TMP11,69
50362,A7,2023-11-27 15:09:17,TMP11,70
50362,A7,2023-11-27 15:09:17,TMP11,70
50362,A7,2023-11-27 15:09:07,TMP11,69.19999695
50362,A7,2023-11-27 15:09:07,TMP11,69.19999695
50362,A7,2023-11-27 15:08:57,TMP11,68.59999847
50362,A7,2023-11-27 15:08:57,TMP11,68.59999847
50362,A7,2023-11-27 15:08:47,TMP11,69.40000153
50362,A7,2023-11-27 15:08:47,TMP11,69.40000153
50362,A7,2023-11-27 15:08:37,TMP11,70.09999847
50362,A7,2023-11-27 15:08:37,TMP11,70.09999847
50362,A7,2023-11-27 15:08:27,TMP11,69.19999695
50362,A7,2023-11-27 15:08:27,TMP11,69.19999695
50362,A7,2023-11-27 15:08:17,TMP11,69.19999695
50362,A7,2023-11-27 15:08:17,TMP11,69.19999695
50362,A7,2023-11-27 15:08:07,TMP11,69.30000305
50362,A7,2023-11-27 15:08:07,TMP11,69.30000305
50362,A7,2023-11-27 15:07:57,TMP11,68.90000153
50362,A7,2023-11-27 15:07:57,TMP11,68.90000153
50362,A7,2023-11-27 15:07:47,TMP11,68.59999847
50362,A7,2023-11-27 15:07:47,TMP11,68.59999847
50362,A7,2023-11-27 15:07:37,TMP11,69.69999695
50362,A7,2023-11-27 15:07:37,TMP11,69.69999695
50362,A7,2023-11-27 15:07:27,TMP11,68.40000153
50362,A7,2023-11-27 15:07:27,TMP11,68.40000153
50362,A7,2023-11-27 15:07:16,TMP11,68.09999847
50362,A7,2023-11-27 15:07:16,TMP11,68.09999847
50362,A7,2023-11-27 15:07:06,TMP11,69.80000305
50362,A7,2023-11-27 15:07:06,TMP11,69.80000305
50362,A7,2023-11-27 15:06:56,TMP11,70.59999847
50362,A7,2023-11-27 15:06:56,TMP11,70.59999847
50362,A7,2023-11-27 15:06:46,TMP11,69.69999695
50362,A7,2023-11-27 15:06:46,TMP11,69.69999695
50362,A7,2023-11-27 15:06:36,TMP11,69.5
50362,A7,2023-11-27 15:06:36,TMP11,69.5
50362,A7,2023-11-27 15:06:26,TMP11,70.09999847
50362,A7,2023-11-27 15:06:26,TMP11,70.09999847
50362,A7,2023-11-27 15:06:16,TMP11,69.19999695
50362,A7,2023-11-27 15:06:16,TMP11,69.19999695
50362,A7,2023-11-27 15:06:06,TMP11,70.19999695
50362,A7,2023-11-27 15:06:06,TMP11,70.19999695
50362,A7,2023-11-27 15:05:56,TMP11,69.80000305
50362,A7,2023-11-27 15:05:56,TMP11,69.80000305
50362,A7,2023-11-27 15:05:46,TMP11,68.90000153
50362,A7,2023-11-27 15:05:46,TMP11,68.90000153
50362,A7,2023-11-27 15:05:36,TMP11,68.5
50362,A7,2023-11-27 15:05:36,TMP11,68.5
50362,A7,2023-11-27 15:05:26,TMP11,67.80000305
50362,A7,2023-11-27 15:05:26,TMP11,67.80000305
50362,A7,2023-11-27 15:05:16,TMP11,66.19999695
50362,A7,2023-11-27 15:05:16,TMP11,66.19999695
50362,A7,2023-11-27 15:05:06,TMP11,66.19999695
50362,A7,2023-11-27 15:05:06,TMP11,66.19999695
50362,A7,2023-11-27 15:04:56,TMP11,67.40000153
50362,A7,2023-11-27 15:04:56,TMP11,67.40000153
50362,A7,2023-11-27 15:04:46,TMP11,69.69999695
50362,A7,2023-11-27 15:04:46,TMP11,69.69999695
50362,A7,2023-11-27 15:04:36,TMP11,69.30000305
50362,A7,2023-11-27 15:04:36,TMP11,69.30000305
50362,A7,2023-11-27 15:04:26,TMP11,68.40000153
50362,A7,2023-11-27 15:04:26,TMP11,68.40000153
50362,A7,2023-11-27 15:04:16,TMP11,68
50362,A7,2023-11-27 15:04:16,TMP11,68
50362,A7,2023-11-27 15:04:06,TMP11,68.19999695
50362,A7,2023-11-27 15:04:06,TMP11,68.19999695
50362,A7,2023-11-27 15:03:56,TMP11,67.40000153
50362,A7,2023-11-27 15:03:56,TMP11,67.40000153
50362,A7,2023-11-27 15:03:46,TMP11,66.09999847
50362,A7,2023-11-27 15:03:46,TMP11,66.09999847
50362,A7,2023-11-27 15:03:36,TMP11,66.30000305
50362,A7,2023-11-27 15:03:36,TMP11,66.30000305
50362,A7,2023-11-27 15:03:26,TMP11,68.09999847
50362,A7,2023-11-27 15:03:26,TMP11,68.09999847
50362,A7,2023-11-27 15:03:15,TMP11,68.59999847
50362,A7,2023-11-27 15:03:15,TMP11,68.59999847
50362,A7,2023-11-27 15:03:05,TMP11,67.59999847
50362,A7,2023-11-27 15:03:05,TMP11,67.59999847
50362,A7,2023-11-27 15:02:55,TMP11,66.5
50362,A7,2023-11-27 15:02:55,TMP11,66.5
50362,A7,2023-11-27 15:02:45,TMP11,67.19999695
50362,A7,2023-11-27 15:02:45,TMP11,67.19999695
50362,A7,2023-11-27 15:02:35,TMP11,67.80000305
50362,A7,2023-11-27 15:02:35,TMP11,67.80000305
50362,A7,2023-11-27 15:02:25,TMP11,69.30000305
50362,A7,2023-11-27 15:02:25,TMP11,69.30000305
50362,A7,2023-11-27 15:02:15,TMP11,69
50362,A7,2023-11-27 15:02:15,TMP11,69
50362,A7,2023-11-27 15:02:05,TMP11,68.40000153
50362,A7,2023-11-27 15:02:05,TMP11,68.40000153
50362,A7,2023-11-27 15:01:55,TMP11,69.09999847
50362,A7,2023-11-27 15:01:55,TMP11,69.09999847
50362,A7,2023-11-27 15:01:45,TMP11,69.69999695
50362,A7,2023-11-27 15:01:45,TMP11,69.69999695
50362,A7,2023-11-27 15:01:35,TMP11,68.5
50362,A7,2023-11-27 15:01:25,TMP11,68.59999847
50362,A7,2023-11-27 15:13:48,TMP10,242.6000061
50362,A7,2023-11-27 15:13:38,TMP10,243
50362,A7,2023-11-27 15:13:28,TMP10,242.8000031
50362,A7,2023-11-27 15:13:28,TMP10,242.8000031
50362,A7,2023-11-27 15:13:18,TMP10,242.5
50362,A7,2023-11-27 15:13:18,TMP10,242.5
50362,A7,2023-11-27 15:13:08,TMP10,242.5
50362,A7,2023-11-27 15:13:08,TMP10,242.5
50362,A7,2023-11-27 15:12:58,TMP10,243.1000061
50362,A7,2023-11-27 15:12:58,TMP10,243.1000061
50362,A7,2023-11-27 15:12:48,TMP10,243
50362,A7,2023-11-27 15:12:48,TMP10,243
50362,A7,2023-11-27 15:12:38,TMP10,242.8999939
50362,A7,2023-11-27 15:12:38,TMP10,242.8999939
50362,A7,2023-11-27 15:12:28,TMP10,242.5
50362,A7,2023-11-27 15:12:28,TMP10,242.5
50362,A7,2023-11-27 15:12:18,TMP10,242
50362,A7,2023-11-27 15:12:18,TMP10,242
50362,A7,2023-11-27 15:12:08,TMP10,242
50362,A7,2023-11-27 15:12:08,TMP10,242
50362,A7,2023-11-27 15:11:58,TMP10,241.6000061
50362,A7,2023-11-27 15:11:58,TMP10,241.6000061
50362,A7,2023-11-27 15:11:48,TMP10,241.8000031
50362,A7,2023-11-27 15:11:48,TMP10,241.8000031
50362,A7,2023-11-27 15:11:38,TMP10,242
50362,A7,2023-11-27 15:11:38,TMP10,242
50362,A7,2023-11-27 15:11:28,TMP10,242
50362,A7,2023-11-27 15:11:28,TMP10,242
50362,A7,2023-11-27 15:11:17,TMP10,242.1000061
50362,A7,2023-11-27 15:11:17,TMP10,242.1000061
50362,A7,2023-11-27 15:11:07,TMP10,242
50362,A7,2023-11-27 15:11:07,TMP10,242
50362,A7,2023-11-27 15:10:57,TMP10,242.1000061
50362,A7,2023-11-27 15:10:57,TMP10,242.1000061
50362,A7,2023-11-27 15:10:47,TMP10,242.5
50362,A7,2023-11-27 15:10:47,TMP10,242.5
50362,A7,2023-11-27 15:10:37,TMP10,242.3999939
50362,A7,2023-11-27 15:10:37,TMP10,242.3999939
50362,A7,2023-11-27 15:10:27,TMP10,242.1000061
50362,A7,2023-11-27 15:10:27,TMP10,242.1000061
50362,A7,2023-11-27 15:10:17,TMP10,242.1999969
50362,A7,2023-11-27 15:10:17,TMP10,242.1999969
50362,A7,2023-11-27 15:10:07,TMP10,242.1000061
50362,A7,2023-11-27 15:10:07,TMP10,242.1000061
50362,A7,2023-11-27 15:09:57,TMP10,242.1000061
50362,A7,2023-11-27 15:09:57,TMP10,242.1000061
50362,A7,2023-11-27 15:09:47,TMP10,241.8000031
50362,A7,2023-11-27 15:09:47,TMP10,241.8000031
50362,A7,2023-11-27 15:09:37,TMP10,242.1000061
50362,A7,2023-11-27 15:09:37,TMP10,242.1000061
50362,A7,2023-11-27 15:09:27,TMP10,242
50362,A7,2023-11-27 15:09:27,TMP10,242
50362,A7,2023-11-27 15:09:17,TMP10,242.3999939
50362,A7,2023-11-27 15:09:17,TMP10,242.3999939
50362,A7,2023-11-27 15:09:07,TMP10,242.6000061
50362,A7,2023-11-27 15:09:07,TMP10,242.6000061
50362,A7,2023-11-27 15:08:57,TMP10,242.8999939
50362,A7,2023-11-27 15:08:57,TMP10,242.8999939
50362,A7,2023-11-27 15:08:47,TMP10,242.8000031
50362,A7,2023-11-27 15:08:47,TMP10,242.8000031
50362,A7,2023-11-27 15:08:37,TMP10,242.6000061
50362,A7,2023-11-27 15:08:37,TMP10,242.6000061
50362,A7,2023-11-27 15:08:27,TMP10,242.5
50362,A7,2023-11-27 15:08:27,TMP10,242.5
50362,A7,2023-11-27 15:08:17,TMP10,242.6999969
50362,A7,2023-11-27 15:08:17,TMP10,242.6999969
50362,A7,2023-11-27 15:08:07,TMP10,242.8000031
50362,A7,2023-11-27 15:08:07,TMP10,242.8000031
50362,A7,2023-11-27 15:07:57,TMP10,242.8000031
50362,A7,2023-11-27 15:07:57,TMP10,242.8000031
50362,A7,2023-11-27 15:07:47,TMP10,243.1000061
50362,A7,2023-11-27 15:07:47,TMP10,243.1000061
50362,A7,2023-11-27 15:07:37,TMP10,243.1000061
50362,A7,2023-11-27 15:07:37,TMP10,243.1000061
50362,A7,2023-11-27 15:07:27,TMP10,243.1000061
50362,A7,2023-11-27 15:07:27,TMP10,243.1000061
50362,A7,2023-11-27 15:07:16,TMP10,242.8000031
50362,A7,2023-11-27 15:07:16,TMP10,242.8000031
50362,A7,2023-11-27 15:07:06,TMP10,242.3000031
50362,A7,2023-11-27 15:07:06,TMP10,242.3000031
50362,A7,2023-11-27 15:06:56,TMP10,242.1999969
50362,A7,2023-11-27 15:06:56,TMP10,242.1999969
50362,A7,2023-11-27 15:06:46,TMP10,242.6999969
50362,A7,2023-11-27 15:06:46,TMP10,242.6999969
50362,A7,2023-11-27 15:06:36,TMP10,242.5
50362,A7,2023-11-27 15:06:36,TMP10,242.5
50362,A7,2023-11-27 15:06:26,TMP10,242.6999969
50362,A7,2023-11-27 15:06:26,TMP10,242.6999969
50362,A7,2023-11-27 15:06:16,TMP10,242.8000031
50362,A7,2023-11-27 15:06:16,TMP10,242.8000031
50362,A7,2023-11-27 15:06:06,TMP10,243.1999969
50362,A7,2023-11-27 15:06:06,TMP10,243.1999969
50362,A7,2023-11-27 15:05:56,TMP10,243.1999969
50362,A7,2023-11-27 15:05:56,TMP10,243.1999969
50362,A7,2023-11-27 15:05:46,TMP10,243
50362,A7,2023-11-27 15:05:46,TMP10,243
50362,A7,2023-11-27 15:05:36,TMP10,243.1999969
50362,A7,2023-11-27 15:05:36,TMP10,243.1999969
50362,A7,2023-11-27 15:05:26,TMP10,243.1999969
50362,A7,2023-11-27 15:05:26,TMP10,243.1999969
50362,A7,2023-11-27 15:05:16,TMP10,242.6999969
50362,A7,2023-11-27 15:05:16,TMP10,242.6999969
50362,A7,2023-11-27 15:05:06,TMP10,242.5
50362,A7,2023-11-27 15:05:06,TMP10,242.5
50362,A7,2023-11-27 15:04:56,TMP10,242.1999969
50362,A7,2023-11-27 15:04:56,TMP10,242.1999969
50362,A7,2023-11-27 15:04:46,TMP10,242.5
50362,A7,2023-11-27 15:04:46,TMP10,242.5
50362,A7,2023-11-27 15:04:36,TMP10,242.5
50362,A7,2023-11-27 15:04:36,TMP10,242.5
50362,A7,2023-11-27 15:04:26,TMP10,242.3999939
50362,A7,2023-11-27 15:04:26,TMP10,242.3999939
50362,A7,2023-11-27 15:04:16,TMP10,241.8999939
50362,A7,2023-11-27 15:04:16,TMP10,241.8999939
50362,A7,2023-11-27 15:04:06,TMP10,242.5
50362,A7,2023-11-27 15:04:06,TMP10,242.5
50362,A7,2023-11-27 15:03:56,TMP10,242.5
50362,A7,2023-11-27 15:03:56,TMP10,242.5
50362,A7,2023-11-27 15:03:46,TMP10,242.8000031
50362,A7,2023-11-27 15:03:46,TMP10,242.8000031
50362,A7,2023-11-27 15:03:36,TMP10,242.6999969
15526,A8,2023-07-05 13:13:16,AOI02-1,98.22000122
15526,A8,2023-07-05 13:13:06,AOI02-1,98.22000122
15526,A8,2023-07-05 13:12:56,AOI02-1,98.22000122
15526,A8,2023-07-05 13:12:56,AOI02-1,98.22000122
15526,A8,2023-07-05 13:12:46,AOI02-1,98.22000122
15526,A8,2023-07-05 13:12:46,AOI02-1,98.22000122
15526,A8,2023-07-05 13:12:36,AOI02-1,98.22000122
15526,A8,2023-07-05 13:12:36,AOI02-1,98.22000122
15526,A8,2023-07-05 13:12:26,AOI02-1,98.22000122
15526,A8,2023-07-05 13:12:26,AOI02-1,98.22000122
15526,A8,2023-07-05 13:12:16,AOI02-1,98.22000122
15526,A8,2023-07-05 13:12:16,AOI02-1,98.22000122
15526,A8,2023-07-05 13:12:05,AOI02-1,98.22000122
15526,A8,2023-07-05 13:11:55,AOI02-1,98.22000122
15526,A8,2023-07-05 13:13:16,TI001,26.80999947
15526,A8,2023-07-05 13:13:06,TI001,26.82999992
15526,A8,2023-07-05 13:12:56,TI001,26.82999992
15526,A8,2023-07-05 13:12:56,TI001,26.82999992
15526,A8,2023-07-05 13:12:46,TI001,26.81999969
15526,A8,2023-07-05 13:12:46,TI001,26.81999969
15526,A8,2023-07-05 13:12:36,TI001,26.82999992
15526,A8,2023-07-05 13:12:36,TI001,26.82999992
15526,A8,2023-07-05 13:12:26,TI001,26.81999969
15526,A8,2023-07-05 13:12:26,TI001,26.81999969
15526,A8,2023-07-05 13:12:16,TI001,26.81999969
15526,A8,2023-07-05 13:12:16,TI001,26.81999969
15526,A8,2023-07-05 13:12:05,TI001,26.85000038
15526,A8,2023-07-05 13:11:55,TI001,26.85000038
15526,A8,2023-07-05 13:13:16,E013,24.21999931
15526,A8,2023-07-05 13:13:06,E013,24.21999931
15526,A8,2023-07-05 13:12:56,E013,24.21999931
15526,A8,2023-07-05 13:12:56,E013,24.21999931
15526,A8,2023-07-05 13:12:46,E013,24.21999931
15526,A8,2023-07-05 13:12:46,E013,24.21999931
15526,A8,2023-07-05 13:12:36,E013,24.21999931
15526,A8,2023-07-05 13:12:36,E013,24.21999931
15526,A8,2023-07-05 13:12:26,E013,24.21999931
15526,A8,2023-07-05 13:12:26,E013,24.21999931
15526,A8,2023-07-05 13:12:16,E013,24.21999931
15526,A8,2023-07-05 13:12:16,E013,24.21999931
15526,A8,2023-07-05 13:12:05,E013,24.21999931
15526,A8,2023-07-05 13:11:55,E013,24.21999931
15526,A8,2023-07-05 13:13:16,SMT001-1,32
15526,A8,2023-07-05 13:13:06,SMT001-1,30
15526,A8,2023-07-05 13:12:56,SMT001-1,30
15526,A8,2023-07-05 13:12:56,SMT001-1,30
15526,A8,2023-07-05 13:12:46,SMT001-1,30
15526,A8,2023-07-05 13:12:46,SMT001-1,30
15526,A8,2023-07-05 13:12:36,SMT001-1,31
15526,A8,2023-07-05 13:12:36,SMT001-1,31
15526,A8,2023-07-05 13:12:26,SMT001-1,32
15526,A8,2023-07-05 13:12:26,SMT001-1,32
15526,A8,2023-07-05 13:12:16,SMT001-1,32
15526,A8,2023-07-05 13:12:16,SMT001-1,32
15526,A8,2023-07-05 13:12:05,SMT001-1,32
15526,A8,2023-07-05 13:11:55,SMT001-1,32
15526,A8,2023-07-05 13:13:16,AOI02-2,1
15526,A8,2023-07-05 13:13:06,AOI02-2,1
15526,A8,2023-07-05 13:12:56,AOI02-2,1
15526,A8,2023-07-05 13:12:56,AOI02-2,1
15526,A8,2023-07-05 13:12:46,AOI02-2,1
15526,A8,2023-07-05 13:12:46,AOI02-2,1
15526,A8,2023-07-05 13:12:36,AOI02-2,1
15526,A8,2023-07-05 13:12:36,AOI02-2,1
15526,A8,2023-07-05 13:12:26,AOI02-2,1
15526,A8,2023-07-05 13:12:26,AOI02-2,1
15526,A8,2023-07-05 13:12:16,AOI02-2,1
15526,A8,2023-07-05 13:12:16,AOI02-2,1
15526,A8,2023-07-05 13:12:05,AOI02-2,1
15526,A8,2023-07-05 13:11:55,AOI02-2,1
15526,A8,2023-07-05 13:13:16,SMT001-3,56.25999832
15526,A8,2023-07-05 13:13:06,SMT001-3,56.20000076
15526,A8,2023-07-05 13:12:56,SMT001-3,56.08000183
15526,A8,2023-07-05 13:12:56,SMT001-3,56.08000183
15526,A8,2023-07-05 13:12:46,SMT001-3,56.13999939
15526,A8,2023-07-05 13:12:46,SMT001-3,56.13999939
15526,A8,2023-07-05 13:12:36,SMT001-3,56.11999893
15526,A8,2023-07-05 13:12:36,SMT001-3,56.11999893
15526,A8,2023-07-05 13:12:26,SMT001-3,56.13999939
15526,A8,2023-07-05 13:12:26,SMT001-3,56.13999939
15526,A8,2023-07-05 13:12:16,SMT001-3,56.13999939
15526,A8,2023-07-05 13:12:16,SMT001-3,56.13999939
15526,A8,2023-07-05 13:12:05,SMT001-3,55.93999863
15526,A8,2023-07-05 13:11:55,SMT001-3,55.93999863
15526,A8,2023-07-05 13:13:16,HI_E013,66.38999939
15526,A8,2023-07-05 13:13:06,HI_E013,66.44000244
15526,A8,2023-07-05 13:12:56,HI_E013,66.54000092
15526,A8,2023-07-05 13:12:56,HI_E013,66.54000092
15526,A8,2023-07-05 13:12:46,HI_E013,66.54000092
15526,A8,2023-07-05 13:12:46,HI_E013,66.54000092
15526,A8,2023-07-05 13:12:36,HI_E013,66.23000336
15526,A8,2023-07-05 13:12:36,HI_E013,66.23000336
15526,A8,2023-07-05 13:12:26,HI_E013,66.23000336
15526,A8,2023-07-05 13:12:26,HI_E013,66.23000336
15526,A8,2023-07-05 13:12:16,HI_E013,66.16000366
15526,A8,2023-07-05 13:12:16,HI_E013,66.16000366
15526,A8,2023-07-05 13:12:05,HI_E013,66.30000305
15526,A8,2023-07-05 13:11:55,HI_E013,66.44000244
15526,A8,2023-07-05 13:13:16,CO2_45,390
15526,A8,2023-07-05 13:13:06,CO2_45,390
15526,A8,2023-07-05 13:12:56,CO2_45,390
15526,A8,2023-07-05 13:12:56,CO2_45,390
15526,A8,2023-07-05 13:12:46,CO2_45,390
15526,A8,2023-07-05 13:12:46,CO2_45,390
15526,A8,2023-07-05 13:12:36,CO2_45,390
15526,A8,2023-07-05 13:12:36,CO2_45,390
15526,A8,2023-07-05 13:12:26,CO2_45,390
15526,A8,2023-07-05 13:12:26,CO2_45,390
15526,A8,2023-07-05 13:12:16,CO2_45,390
15526,A8,2023-07-05 13:12:16,CO2_45,390
15526,A8,2023-07-05 13:12:05,CO2_45,390
15526,A8,2023-07-05 13:11:55,CO2_45,390
15526,A7,2023-07-05 13:12:16,TMP12,66
15526,A7,2023-07-05 13:12:05,TMP12,66.19999695
15526,A7,2023-07-05 13:11:55,TMP12,66.09999847
15526,A7,2023-07-05 13:11:55,TMP12,66.09999847
15526,A7,2023-07-05 13:11:45,TMP12,66.09999847
15526,A7,2023-07-05 13:11:45,TMP12,66.09999847
15526,A7,2023-07-05 13:11:35,TMP12,66.09999847
15526,A7,2023-07-05 13:11:35,TMP12,66.09999847
15526,A7,2023-07-05 13:11:26,TMP12,66.09999847
15526,A7,2023-07-05 13:11:26,TMP12,66.09999847
15526,A7,2023-07-05 13:11:16,TMP12,65.90000153
15526,A7,2023-07-05 13:11:16,TMP12,65.90000153
15526,A7,2023-07-05 13:11:05,TMP12,65.69999695
15526,A7,2023-07-05 13:11:05,TMP12,65.69999695
15526,A7,2023-07-05 13:10:55,TMP12,65.80000305
15526,A7,2023-07-05 13:10:55,TMP12,65.80000305
15526,A7,2023-07-05 13:10:45,TMP12,66.09999847
15526,A7,2023-07-05 13:10:45,TMP12,66.09999847
15526,A7,2023-07-05 13:10:35,TMP12,66.40000153
15526,A7,2023-07-05 13:10:35,TMP12,66.40000153
15526,A7,2023-07-05 13:10:25,TMP12,66.30000305
15526,A7,2023-07-05 13:10:25,TMP12,66.30000305
15526,A7,2023-07-05 13:10:15,TMP12,66.5
15526,A7,2023-07-05 13:10:15,TMP12,66.5
15526,A7,2023-07-05 13:10:05,TMP12,66.40000153
15526,A7,2023-07-05 13:10:05,TMP12,66.40000153
15526,A7,2023-07-05 13:09:55,TMP12,66.40000153
15526,A7,2023-07-05 13:09:55,TMP12,66.40000153
15526,A7,2023-07-05 13:09:45,TMP12,66.09999847
15526,A7,2023-07-05 13:09:45,TMP12,66.09999847
15526,A7,2023-07-05 13:09:35,TMP12,66.30000305
15526,A7,2023-07-05 13:09:35,TMP12,66.30000305
15526,A7,2023-07-05 13:09:25,TMP12,66.19999695
15526,A7,2023-07-05 13:09:25,TMP12,66.19999695
15526,A7,2023-07-05 13:09:15,TMP12,66.40000153
15526,A7,2023-07-05 13:09:15,TMP12,66.40000153
15526,A7,2023-07-05 13:09:05,TMP12,66.40000153
15526,A7,2023-07-05 13:09:05,TMP12,66.40000153
15526,A7,2023-07-05 13:08:55,TMP12,66.19999695
15526,A7,2023-07-05 13:08:55,TMP12,66.19999695
15526,A7,2023-07-05 13:08:45,TMP12,66.5
15526,A7,2023-07-05 13:08:45,TMP12,66.5
15526,A7,2023-07-05 13:08:35,TMP12,66.19999695
15526,A7,2023-07-05 13:08:35,TMP12,66.19999695
15526,A7,2023-07-05 13:08:25,TMP12,66.09999847
15526,A7,2023-07-05 13:08:25,TMP12,66.09999847
15526,A7,2023-07-05 13:08:15,TMP12,66
15526,A7,2023-07-05 13:08:15,TMP12,66
15526,A7,2023-07-05 13:08:05,TMP12,65.90000153
15526,A7,2023-07-05 13:08:05,TMP12,65.90000153
15526,A7,2023-07-05 13:07:55,TMP12,65.90000153
15526,A7,2023-07-05 13:07:55,TMP12,65.90000153
15526,A7,2023-07-05 13:07:45,TMP12,65.59999847
15526,A7,2023-07-05 13:07:45,TMP12,65.59999847
15526,A7,2023-07-05 13:07:35,TMP12,65.80000305
15526,A7,2023-07-05 13:07:35,TMP12,65.80000305
15526,A7,2023-07-05 13:07:25,TMP12,65.59999847
15526,A7,2023-07-05 13:07:25,TMP12,65.59999847
15526,A7,2023-07-05 13:07:15,TMP12,65.69999695
15526,A7,2023-07-05 13:07:15,TMP12,65.69999695
15526,A7,2023-07-05 13:07:04,TMP12,65.5
15526,A7,2023-07-05 13:07:04,TMP12,65.5
15526,A7,2023-07-05 13:06:54,TMP12,65.5
15526,A7,2023-07-05 13:06:54,TMP12,65.5
15526,A7,2023-07-05 13:06:44,TMP12,65.80000305
15526,A7,2023-07-05 13:06:44,TMP12,65.80000305
15526,A7,2023-07-05 13:06:34,TMP12,65.59999847
15526,A7,2023-07-05 13:06:34,TMP12,65.59999847
15526,A7,2023-07-05 13:06:24,TMP12,65.40000153
15526,A7,2023-07-05 13:06:24,TMP12,65.40000153
15526,A7,2023-07-05 13:06:14,TMP12,65.5
15526,A7,2023-07-05 13:06:14,TMP12,65.5
15526,A7,2023-07-05 13:06:04,TMP12,65.80000305
15526,A7,2023-07-05 13:06:04,TMP12,65.80000305
15526,A7,2023-07-05 13:05:54,TMP12,65.59999847
15526,A7,2023-07-05 13:05:54,TMP12,65.59999847
15526,A7,2023-07-05 13:05:44,TMP12,65.69999695
15526,A7,2023-07-05 13:05:44,TMP12,65.69999695
15526,A7,2023-07-05 13:05:34,TMP12,65.69999695
15526,A7,2023-07-05 13:05:34,TMP12,65.69999695
15526,A7,2023-07-05 13:05:24,TMP12,65.69999695
15526,A7,2023-07-05 13:05:24,TMP12,65.69999695
15526,A7,2023-07-05 13:05:14,TMP12,65.69999695
15526,A7,2023-07-05 13:05:14,TMP12,65.69999695
15526,A7,2023-07-05 13:05:04,TMP12,65.69999695
15526,A7,2023-07-05 13:05:04,TMP12,65.69999695
15526,A7,2023-07-05 13:04:54,TMP12,65.80000305
15526,A7,2023-07-05 13:04:54,TMP12,65.80000305
15526,A7,2023-07-05 13:04:44,TMP12,65.80000305
15526,A7,2023-07-05 13:04:44,TMP12,65.80000305
15526,A7,2023-07-05 13:04:34,TMP12,65.80000305
15526,A7,2023-07-05 13:04:34,TMP12,65.80000305
15526,A7,2023-07-05 13:04:24,TMP12,66.09999847
15526,A7,2023-07-05 13:04:24,TMP12,66.09999847
15526,A7,2023-07-05 13:04:14,TMP12,66.19999695
15526,A7,2023-07-05 13:04:14,TMP12,66.19999695
15526,A7,2023-07-05 13:04:04,TMP12,66.09999847
15526,A7,2023-07-05 13:04:04,TMP12,66.09999847
15526,A7,2023-07-05 13:03:54,TMP12,66
15526,A7,2023-07-05 13:03:54,TMP12,66
15526,A7,2023-07-05 13:03:44,TMP12,66
15526,A7,2023-07-05 13:03:44,TMP12,66
15526,A7,2023-07-05 13:03:34,TMP12,66.19999695
15526,A7,2023-07-05 13:03:34,TMP12,66.19999695
15526,A7,2023-07-05 13:03:24,TMP12,66.09999847
15526,A7,2023-07-05 13:03:24,TMP12,66.09999847
15526,A7,2023-07-05 13:03:14,TMP12,66.09999847
15526,A7,2023-07-05 13:03:14,TMP12,66.09999847
15526,A7,2023-07-05 13:03:04,TMP12,66
15526,A7,2023-07-05 13:03:04,TMP12,66
15526,A7,2023-07-05 13:02:54,TMP12,66.09999847
15526,A7,2023-07-05 13:02:54,TMP12,66.09999847
15526,A7,2023-07-05 13:02:44,TMP12,66
15526,A7,2023-07-05 13:02:44,TMP12,66
15526,A7,2023-07-05 13:02:34,TMP12,65.80000305
15526,A7,2023-07-05 13:02:34,TMP12,65.80000305
15526,A7,2023-07-05 13:02:24,TMP12,66
15526,A7,2023-07-05 13:02:24,TMP12,66
15526,A7,2023-07-05 13:02:14,TMP12,65.80000305
15526,A7,2023-07-05 13:02:14,TMP12,65.80000305
15526,A7,2023-07-05 13:02:03,TMP12,65.90000153
15526,A7,2023-07-05 13:02:03,TMP12,65.90000153
15526,A7,2023-07-05 13:01:53,TMP12,65.90000153
15526,A7,2023-07-05 13:01:53,TMP12,65.90000153
15526,A7,2023-07-05 13:01:43,TMP12,66
15526,A7,2023-07-05 13:01:43,TMP12,66
15526,A7,2023-07-05 13:01:33,TMP12,66
15526,A7,2023-07-05 13:01:33,TMP12,66
15526,A7,2023-07-05 13:01:23,TMP12,65.90000153
15526,A7,2023-07-05 13:01:23,TMP12,65.90000153
15526,A7,2023-07-05 13:01:13,TMP12,65.90000153
15526,A7,2023-07-05 13:01:13,TMP12,65.90000153
15526,A7,2023-07-05 13:01:03,TMP12,65.90000153
15526,A7,2023-07-05 13:01:03,TMP12,65.90000153
15526,A7,2023-07-05 13:00:53,TMP12,66